model,task,dataset,language,metric,value
SGPT-2.7B-weightedmean-msmarco-specb-bitfit,BitextMining,BUCC,,f1,
SGPT-2.7B-weightedmean-msmarco-specb-bitfit,BitextMining,Tatoeba,,f1,
SGPT-2.7B-weightedmean-msmarco-specb-bitfit,Classification,AmazonCounterfactualClassification,en,accuracy,0.6756716417910448
SGPT-2.7B-weightedmean-msmarco-specb-bitfit,Classification,AmazonCounterfactualClassification,de,accuracy,
SGPT-2.7B-weightedmean-msmarco-specb-bitfit,Classification,AmazonCounterfactualClassification,de,accuracy,
SGPT-2.7B-weightedmean-msmarco-specb-bitfit,Classification,AmazonCounterfactualClassification,en-ext,accuracy,
SGPT-2.7B-weightedmean-msmarco-specb-bitfit,Classification,AmazonCounterfactualClassification,en-ext,accuracy,
SGPT-2.7B-weightedmean-msmarco-specb-bitfit,Classification,AmazonCounterfactualClassification,ja,accuracy,
SGPT-2.7B-weightedmean-msmarco-specb-bitfit,Classification,AmazonCounterfactualClassification,ja,accuracy,
SGPT-2.7B-weightedmean-msmarco-specb-bitfit,Classification,AmazonPolarityClassification,en,accuracy,0.71439575
SGPT-2.7B-weightedmean-msmarco-specb-bitfit,Classification,AmazonReviewsClassification,en,accuracy,0.35748
SGPT-2.7B-weightedmean-msmarco-specb-bitfit,Classification,AmazonReviewsClassification,de,accuracy,
SGPT-2.7B-weightedmean-msmarco-specb-bitfit,Classification,AmazonReviewsClassification,de,accuracy,
SGPT-2.7B-weightedmean-msmarco-specb-bitfit,Classification,AmazonReviewsClassification,es,accuracy,
SGPT-2.7B-weightedmean-msmarco-specb-bitfit,Classification,AmazonReviewsClassification,es,accuracy,
SGPT-2.7B-weightedmean-msmarco-specb-bitfit,Classification,AmazonReviewsClassification,fr,accuracy,
SGPT-2.7B-weightedmean-msmarco-specb-bitfit,Classification,AmazonReviewsClassification,fr,accuracy,
SGPT-2.7B-weightedmean-msmarco-specb-bitfit,Classification,AmazonReviewsClassification,ja,accuracy,
SGPT-2.7B-weightedmean-msmarco-specb-bitfit,Classification,AmazonReviewsClassification,ja,accuracy,
SGPT-2.7B-weightedmean-msmarco-specb-bitfit,Classification,AmazonReviewsClassification,zh,accuracy,
SGPT-2.7B-weightedmean-msmarco-specb-bitfit,Classification,AmazonReviewsClassification,zh,accuracy,
SGPT-2.7B-weightedmean-msmarco-specb-bitfit,Classification,Banking77Classification,en,accuracy,0.8321753246753246
SGPT-2.7B-weightedmean-msmarco-specb-bitfit,Classification,EmotionClassification,en,accuracy,0.49215
SGPT-2.7B-weightedmean-msmarco-specb-bitfit,Classification,ImdbClassification,en,accuracy,0.635316
SGPT-2.7B-weightedmean-msmarco-specb-bitfit,Classification,MassiveIntentClassification,af,accuracy,
SGPT-2.7B-weightedmean-msmarco-specb-bitfit,Classification,MassiveIntentClassification,af,accuracy,
SGPT-2.7B-weightedmean-msmarco-specb-bitfit,Classification,MassiveIntentClassification,am,accuracy,
SGPT-2.7B-weightedmean-msmarco-specb-bitfit,Classification,MassiveIntentClassification,am,accuracy,
SGPT-2.7B-weightedmean-msmarco-specb-bitfit,Classification,MassiveIntentClassification,ar,accuracy,
SGPT-2.7B-weightedmean-msmarco-specb-bitfit,Classification,MassiveIntentClassification,ar,accuracy,
SGPT-2.7B-weightedmean-msmarco-specb-bitfit,Classification,MassiveIntentClassification,az,accuracy,
SGPT-2.7B-weightedmean-msmarco-specb-bitfit,Classification,MassiveIntentClassification,az,accuracy,
SGPT-2.7B-weightedmean-msmarco-specb-bitfit,Classification,MassiveIntentClassification,bn,accuracy,
SGPT-2.7B-weightedmean-msmarco-specb-bitfit,Classification,MassiveIntentClassification,bn,accuracy,
SGPT-2.7B-weightedmean-msmarco-specb-bitfit,Classification,MassiveIntentClassification,cy,accuracy,
SGPT-2.7B-weightedmean-msmarco-specb-bitfit,Classification,MassiveIntentClassification,cy,accuracy,
SGPT-2.7B-weightedmean-msmarco-specb-bitfit,Classification,MassiveIntentClassification,da,accuracy,
SGPT-2.7B-weightedmean-msmarco-specb-bitfit,Classification,MassiveIntentClassification,da,accuracy,
SGPT-2.7B-weightedmean-msmarco-specb-bitfit,Classification,MassiveIntentClassification,de,accuracy,
SGPT-2.7B-weightedmean-msmarco-specb-bitfit,Classification,MassiveIntentClassification,de,accuracy,
SGPT-2.7B-weightedmean-msmarco-specb-bitfit,Classification,MassiveIntentClassification,el,accuracy,
SGPT-2.7B-weightedmean-msmarco-specb-bitfit,Classification,MassiveIntentClassification,el,accuracy,
SGPT-2.7B-weightedmean-msmarco-specb-bitfit,Classification,MassiveIntentClassification,en,accuracy,0.6900806993947546
SGPT-2.7B-weightedmean-msmarco-specb-bitfit,Classification,MassiveIntentClassification,es,accuracy,
SGPT-2.7B-weightedmean-msmarco-specb-bitfit,Classification,MassiveIntentClassification,es,accuracy,
SGPT-2.7B-weightedmean-msmarco-specb-bitfit,Classification,MassiveIntentClassification,fa,accuracy,
SGPT-2.7B-weightedmean-msmarco-specb-bitfit,Classification,MassiveIntentClassification,fa,accuracy,
SGPT-2.7B-weightedmean-msmarco-specb-bitfit,Classification,MassiveIntentClassification,fi,accuracy,
SGPT-2.7B-weightedmean-msmarco-specb-bitfit,Classification,MassiveIntentClassification,fi,accuracy,
SGPT-2.7B-weightedmean-msmarco-specb-bitfit,Classification,MassiveIntentClassification,fr,accuracy,
SGPT-2.7B-weightedmean-msmarco-specb-bitfit,Classification,MassiveIntentClassification,fr,accuracy,
SGPT-2.7B-weightedmean-msmarco-specb-bitfit,Classification,MassiveIntentClassification,he,accuracy,
SGPT-2.7B-weightedmean-msmarco-specb-bitfit,Classification,MassiveIntentClassification,he,accuracy,
SGPT-2.7B-weightedmean-msmarco-specb-bitfit,Classification,MassiveIntentClassification,hi,accuracy,
SGPT-2.7B-weightedmean-msmarco-specb-bitfit,Classification,MassiveIntentClassification,hi,accuracy,
SGPT-2.7B-weightedmean-msmarco-specb-bitfit,Classification,MassiveIntentClassification,hu,accuracy,
SGPT-2.7B-weightedmean-msmarco-specb-bitfit,Classification,MassiveIntentClassification,hu,accuracy,
SGPT-2.7B-weightedmean-msmarco-specb-bitfit,Classification,MassiveIntentClassification,hy,accuracy,
SGPT-2.7B-weightedmean-msmarco-specb-bitfit,Classification,MassiveIntentClassification,hy,accuracy,
SGPT-2.7B-weightedmean-msmarco-specb-bitfit,Classification,MassiveIntentClassification,id,accuracy,
SGPT-2.7B-weightedmean-msmarco-specb-bitfit,Classification,MassiveIntentClassification,id,accuracy,
SGPT-2.7B-weightedmean-msmarco-specb-bitfit,Classification,MassiveIntentClassification,is,accuracy,
SGPT-2.7B-weightedmean-msmarco-specb-bitfit,Classification,MassiveIntentClassification,is,accuracy,
SGPT-2.7B-weightedmean-msmarco-specb-bitfit,Classification,MassiveIntentClassification,it,accuracy,
SGPT-2.7B-weightedmean-msmarco-specb-bitfit,Classification,MassiveIntentClassification,it,accuracy,
SGPT-2.7B-weightedmean-msmarco-specb-bitfit,Classification,MassiveIntentClassification,ja,accuracy,
SGPT-2.7B-weightedmean-msmarco-specb-bitfit,Classification,MassiveIntentClassification,ja,accuracy,
SGPT-2.7B-weightedmean-msmarco-specb-bitfit,Classification,MassiveIntentClassification,jv,accuracy,
SGPT-2.7B-weightedmean-msmarco-specb-bitfit,Classification,MassiveIntentClassification,jv,accuracy,
SGPT-2.7B-weightedmean-msmarco-specb-bitfit,Classification,MassiveIntentClassification,ka,accuracy,
SGPT-2.7B-weightedmean-msmarco-specb-bitfit,Classification,MassiveIntentClassification,ka,accuracy,
SGPT-2.7B-weightedmean-msmarco-specb-bitfit,Classification,MassiveIntentClassification,km,accuracy,
SGPT-2.7B-weightedmean-msmarco-specb-bitfit,Classification,MassiveIntentClassification,km,accuracy,
SGPT-2.7B-weightedmean-msmarco-specb-bitfit,Classification,MassiveIntentClassification,kn,accuracy,
SGPT-2.7B-weightedmean-msmarco-specb-bitfit,Classification,MassiveIntentClassification,kn,accuracy,
SGPT-2.7B-weightedmean-msmarco-specb-bitfit,Classification,MassiveIntentClassification,ko,accuracy,
SGPT-2.7B-weightedmean-msmarco-specb-bitfit,Classification,MassiveIntentClassification,ko,accuracy,
SGPT-2.7B-weightedmean-msmarco-specb-bitfit,Classification,MassiveIntentClassification,lv,accuracy,
SGPT-2.7B-weightedmean-msmarco-specb-bitfit,Classification,MassiveIntentClassification,lv,accuracy,
SGPT-2.7B-weightedmean-msmarco-specb-bitfit,Classification,MassiveIntentClassification,ml,accuracy,
SGPT-2.7B-weightedmean-msmarco-specb-bitfit,Classification,MassiveIntentClassification,ml,accuracy,
SGPT-2.7B-weightedmean-msmarco-specb-bitfit,Classification,MassiveIntentClassification,mn,accuracy,
SGPT-2.7B-weightedmean-msmarco-specb-bitfit,Classification,MassiveIntentClassification,mn,accuracy,
SGPT-2.7B-weightedmean-msmarco-specb-bitfit,Classification,MassiveIntentClassification,ms,accuracy,
SGPT-2.7B-weightedmean-msmarco-specb-bitfit,Classification,MassiveIntentClassification,ms,accuracy,
SGPT-2.7B-weightedmean-msmarco-specb-bitfit,Classification,MassiveIntentClassification,my,accuracy,
SGPT-2.7B-weightedmean-msmarco-specb-bitfit,Classification,MassiveIntentClassification,my,accuracy,
SGPT-2.7B-weightedmean-msmarco-specb-bitfit,Classification,MassiveIntentClassification,nb,accuracy,
SGPT-2.7B-weightedmean-msmarco-specb-bitfit,Classification,MassiveIntentClassification,nb,accuracy,
SGPT-2.7B-weightedmean-msmarco-specb-bitfit,Classification,MassiveIntentClassification,nl,accuracy,
SGPT-2.7B-weightedmean-msmarco-specb-bitfit,Classification,MassiveIntentClassification,nl,accuracy,
SGPT-2.7B-weightedmean-msmarco-specb-bitfit,Classification,MassiveIntentClassification,pl,accuracy,
SGPT-2.7B-weightedmean-msmarco-specb-bitfit,Classification,MassiveIntentClassification,pl,accuracy,
SGPT-2.7B-weightedmean-msmarco-specb-bitfit,Classification,MassiveIntentClassification,pt,accuracy,
SGPT-2.7B-weightedmean-msmarco-specb-bitfit,Classification,MassiveIntentClassification,pt,accuracy,
SGPT-2.7B-weightedmean-msmarco-specb-bitfit,Classification,MassiveIntentClassification,ro,accuracy,
SGPT-2.7B-weightedmean-msmarco-specb-bitfit,Classification,MassiveIntentClassification,ro,accuracy,
SGPT-2.7B-weightedmean-msmarco-specb-bitfit,Classification,MassiveIntentClassification,ru,accuracy,
SGPT-2.7B-weightedmean-msmarco-specb-bitfit,Classification,MassiveIntentClassification,ru,accuracy,
SGPT-2.7B-weightedmean-msmarco-specb-bitfit,Classification,MassiveIntentClassification,sl,accuracy,
SGPT-2.7B-weightedmean-msmarco-specb-bitfit,Classification,MassiveIntentClassification,sl,accuracy,
SGPT-2.7B-weightedmean-msmarco-specb-bitfit,Classification,MassiveIntentClassification,sq,accuracy,
SGPT-2.7B-weightedmean-msmarco-specb-bitfit,Classification,MassiveIntentClassification,sq,accuracy,
SGPT-2.7B-weightedmean-msmarco-specb-bitfit,Classification,MassiveIntentClassification,sv,accuracy,
SGPT-2.7B-weightedmean-msmarco-specb-bitfit,Classification,MassiveIntentClassification,sv,accuracy,
SGPT-2.7B-weightedmean-msmarco-specb-bitfit,Classification,MassiveIntentClassification,sw,accuracy,
SGPT-2.7B-weightedmean-msmarco-specb-bitfit,Classification,MassiveIntentClassification,sw,accuracy,
SGPT-2.7B-weightedmean-msmarco-specb-bitfit,Classification,MassiveIntentClassification,ta,accuracy,
SGPT-2.7B-weightedmean-msmarco-specb-bitfit,Classification,MassiveIntentClassification,ta,accuracy,
SGPT-2.7B-weightedmean-msmarco-specb-bitfit,Classification,MassiveIntentClassification,te,accuracy,
SGPT-2.7B-weightedmean-msmarco-specb-bitfit,Classification,MassiveIntentClassification,te,accuracy,
SGPT-2.7B-weightedmean-msmarco-specb-bitfit,Classification,MassiveIntentClassification,th,accuracy,
SGPT-2.7B-weightedmean-msmarco-specb-bitfit,Classification,MassiveIntentClassification,th,accuracy,
SGPT-2.7B-weightedmean-msmarco-specb-bitfit,Classification,MassiveIntentClassification,tl,accuracy,
SGPT-2.7B-weightedmean-msmarco-specb-bitfit,Classification,MassiveIntentClassification,tl,accuracy,
SGPT-2.7B-weightedmean-msmarco-specb-bitfit,Classification,MassiveIntentClassification,tr,accuracy,
SGPT-2.7B-weightedmean-msmarco-specb-bitfit,Classification,MassiveIntentClassification,tr,accuracy,
SGPT-2.7B-weightedmean-msmarco-specb-bitfit,Classification,MassiveIntentClassification,ur,accuracy,
SGPT-2.7B-weightedmean-msmarco-specb-bitfit,Classification,MassiveIntentClassification,ur,accuracy,
SGPT-2.7B-weightedmean-msmarco-specb-bitfit,Classification,MassiveIntentClassification,vi,accuracy,
SGPT-2.7B-weightedmean-msmarco-specb-bitfit,Classification,MassiveIntentClassification,vi,accuracy,
SGPT-2.7B-weightedmean-msmarco-specb-bitfit,Classification,MassiveIntentClassification,zh-CN,accuracy,
SGPT-2.7B-weightedmean-msmarco-specb-bitfit,Classification,MassiveIntentClassification,zh-CN,accuracy,
SGPT-2.7B-weightedmean-msmarco-specb-bitfit,Classification,MassiveIntentClassification,zh-TW,accuracy,
SGPT-2.7B-weightedmean-msmarco-specb-bitfit,Classification,MassiveIntentClassification,zh-TW,accuracy,
SGPT-2.7B-weightedmean-msmarco-specb-bitfit,Classification,MassiveScenarioClassification,af,accuracy,
SGPT-2.7B-weightedmean-msmarco-specb-bitfit,Classification,MassiveScenarioClassification,af,accuracy,
SGPT-2.7B-weightedmean-msmarco-specb-bitfit,Classification,MassiveScenarioClassification,am,accuracy,
SGPT-2.7B-weightedmean-msmarco-specb-bitfit,Classification,MassiveScenarioClassification,am,accuracy,
SGPT-2.7B-weightedmean-msmarco-specb-bitfit,Classification,MassiveScenarioClassification,ar,accuracy,
SGPT-2.7B-weightedmean-msmarco-specb-bitfit,Classification,MassiveScenarioClassification,ar,accuracy,
SGPT-2.7B-weightedmean-msmarco-specb-bitfit,Classification,MassiveScenarioClassification,az,accuracy,
SGPT-2.7B-weightedmean-msmarco-specb-bitfit,Classification,MassiveScenarioClassification,az,accuracy,
SGPT-2.7B-weightedmean-msmarco-specb-bitfit,Classification,MassiveScenarioClassification,bn,accuracy,
SGPT-2.7B-weightedmean-msmarco-specb-bitfit,Classification,MassiveScenarioClassification,bn,accuracy,
SGPT-2.7B-weightedmean-msmarco-specb-bitfit,Classification,MassiveScenarioClassification,cy,accuracy,
SGPT-2.7B-weightedmean-msmarco-specb-bitfit,Classification,MassiveScenarioClassification,cy,accuracy,
SGPT-2.7B-weightedmean-msmarco-specb-bitfit,Classification,MassiveScenarioClassification,da,accuracy,
SGPT-2.7B-weightedmean-msmarco-specb-bitfit,Classification,MassiveScenarioClassification,da,accuracy,
SGPT-2.7B-weightedmean-msmarco-specb-bitfit,Classification,MassiveScenarioClassification,de,accuracy,
SGPT-2.7B-weightedmean-msmarco-specb-bitfit,Classification,MassiveScenarioClassification,de,accuracy,
SGPT-2.7B-weightedmean-msmarco-specb-bitfit,Classification,MassiveScenarioClassification,el,accuracy,
SGPT-2.7B-weightedmean-msmarco-specb-bitfit,Classification,MassiveScenarioClassification,el,accuracy,
SGPT-2.7B-weightedmean-msmarco-specb-bitfit,Classification,MassiveScenarioClassification,en,accuracy,0.7590114324142568
SGPT-2.7B-weightedmean-msmarco-specb-bitfit,Classification,MassiveScenarioClassification,es,accuracy,
SGPT-2.7B-weightedmean-msmarco-specb-bitfit,Classification,MassiveScenarioClassification,es,accuracy,
SGPT-2.7B-weightedmean-msmarco-specb-bitfit,Classification,MassiveScenarioClassification,fa,accuracy,
SGPT-2.7B-weightedmean-msmarco-specb-bitfit,Classification,MassiveScenarioClassification,fa,accuracy,
SGPT-2.7B-weightedmean-msmarco-specb-bitfit,Classification,MassiveScenarioClassification,fi,accuracy,
SGPT-2.7B-weightedmean-msmarco-specb-bitfit,Classification,MassiveScenarioClassification,fi,accuracy,
SGPT-2.7B-weightedmean-msmarco-specb-bitfit,Classification,MassiveScenarioClassification,fr,accuracy,
SGPT-2.7B-weightedmean-msmarco-specb-bitfit,Classification,MassiveScenarioClassification,fr,accuracy,
SGPT-2.7B-weightedmean-msmarco-specb-bitfit,Classification,MassiveScenarioClassification,he,accuracy,
SGPT-2.7B-weightedmean-msmarco-specb-bitfit,Classification,MassiveScenarioClassification,he,accuracy,
SGPT-2.7B-weightedmean-msmarco-specb-bitfit,Classification,MassiveScenarioClassification,hi,accuracy,
SGPT-2.7B-weightedmean-msmarco-specb-bitfit,Classification,MassiveScenarioClassification,hi,accuracy,
SGPT-2.7B-weightedmean-msmarco-specb-bitfit,Classification,MassiveScenarioClassification,hu,accuracy,
SGPT-2.7B-weightedmean-msmarco-specb-bitfit,Classification,MassiveScenarioClassification,hu,accuracy,
SGPT-2.7B-weightedmean-msmarco-specb-bitfit,Classification,MassiveScenarioClassification,hy,accuracy,
SGPT-2.7B-weightedmean-msmarco-specb-bitfit,Classification,MassiveScenarioClassification,hy,accuracy,
SGPT-2.7B-weightedmean-msmarco-specb-bitfit,Classification,MassiveScenarioClassification,id,accuracy,
SGPT-2.7B-weightedmean-msmarco-specb-bitfit,Classification,MassiveScenarioClassification,id,accuracy,
SGPT-2.7B-weightedmean-msmarco-specb-bitfit,Classification,MassiveScenarioClassification,is,accuracy,
SGPT-2.7B-weightedmean-msmarco-specb-bitfit,Classification,MassiveScenarioClassification,is,accuracy,
SGPT-2.7B-weightedmean-msmarco-specb-bitfit,Classification,MassiveScenarioClassification,it,accuracy,
SGPT-2.7B-weightedmean-msmarco-specb-bitfit,Classification,MassiveScenarioClassification,it,accuracy,
SGPT-2.7B-weightedmean-msmarco-specb-bitfit,Classification,MassiveScenarioClassification,ja,accuracy,
SGPT-2.7B-weightedmean-msmarco-specb-bitfit,Classification,MassiveScenarioClassification,ja,accuracy,
SGPT-2.7B-weightedmean-msmarco-specb-bitfit,Classification,MassiveScenarioClassification,jv,accuracy,
SGPT-2.7B-weightedmean-msmarco-specb-bitfit,Classification,MassiveScenarioClassification,jv,accuracy,
SGPT-2.7B-weightedmean-msmarco-specb-bitfit,Classification,MassiveScenarioClassification,ka,accuracy,
SGPT-2.7B-weightedmean-msmarco-specb-bitfit,Classification,MassiveScenarioClassification,ka,accuracy,
SGPT-2.7B-weightedmean-msmarco-specb-bitfit,Classification,MassiveScenarioClassification,km,accuracy,
SGPT-2.7B-weightedmean-msmarco-specb-bitfit,Classification,MassiveScenarioClassification,km,accuracy,
SGPT-2.7B-weightedmean-msmarco-specb-bitfit,Classification,MassiveScenarioClassification,kn,accuracy,
SGPT-2.7B-weightedmean-msmarco-specb-bitfit,Classification,MassiveScenarioClassification,kn,accuracy,
SGPT-2.7B-weightedmean-msmarco-specb-bitfit,Classification,MassiveScenarioClassification,ko,accuracy,
SGPT-2.7B-weightedmean-msmarco-specb-bitfit,Classification,MassiveScenarioClassification,ko,accuracy,
SGPT-2.7B-weightedmean-msmarco-specb-bitfit,Classification,MassiveScenarioClassification,lv,accuracy,
SGPT-2.7B-weightedmean-msmarco-specb-bitfit,Classification,MassiveScenarioClassification,lv,accuracy,
SGPT-2.7B-weightedmean-msmarco-specb-bitfit,Classification,MassiveScenarioClassification,ml,accuracy,
SGPT-2.7B-weightedmean-msmarco-specb-bitfit,Classification,MassiveScenarioClassification,ml,accuracy,
SGPT-2.7B-weightedmean-msmarco-specb-bitfit,Classification,MassiveScenarioClassification,mn,accuracy,
SGPT-2.7B-weightedmean-msmarco-specb-bitfit,Classification,MassiveScenarioClassification,mn,accuracy,
SGPT-2.7B-weightedmean-msmarco-specb-bitfit,Classification,MassiveScenarioClassification,ms,accuracy,
SGPT-2.7B-weightedmean-msmarco-specb-bitfit,Classification,MassiveScenarioClassification,ms,accuracy,
SGPT-2.7B-weightedmean-msmarco-specb-bitfit,Classification,MassiveScenarioClassification,my,accuracy,
SGPT-2.7B-weightedmean-msmarco-specb-bitfit,Classification,MassiveScenarioClassification,my,accuracy,
SGPT-2.7B-weightedmean-msmarco-specb-bitfit,Classification,MassiveScenarioClassification,nb,accuracy,
SGPT-2.7B-weightedmean-msmarco-specb-bitfit,Classification,MassiveScenarioClassification,nb,accuracy,
SGPT-2.7B-weightedmean-msmarco-specb-bitfit,Classification,MassiveScenarioClassification,nl,accuracy,
SGPT-2.7B-weightedmean-msmarco-specb-bitfit,Classification,MassiveScenarioClassification,nl,accuracy,
SGPT-2.7B-weightedmean-msmarco-specb-bitfit,Classification,MassiveScenarioClassification,pl,accuracy,
SGPT-2.7B-weightedmean-msmarco-specb-bitfit,Classification,MassiveScenarioClassification,pl,accuracy,
SGPT-2.7B-weightedmean-msmarco-specb-bitfit,Classification,MassiveScenarioClassification,pt,accuracy,
SGPT-2.7B-weightedmean-msmarco-specb-bitfit,Classification,MassiveScenarioClassification,pt,accuracy,
SGPT-2.7B-weightedmean-msmarco-specb-bitfit,Classification,MassiveScenarioClassification,ro,accuracy,
SGPT-2.7B-weightedmean-msmarco-specb-bitfit,Classification,MassiveScenarioClassification,ro,accuracy,
SGPT-2.7B-weightedmean-msmarco-specb-bitfit,Classification,MassiveScenarioClassification,ru,accuracy,
SGPT-2.7B-weightedmean-msmarco-specb-bitfit,Classification,MassiveScenarioClassification,ru,accuracy,
SGPT-2.7B-weightedmean-msmarco-specb-bitfit,Classification,MassiveScenarioClassification,sl,accuracy,
SGPT-2.7B-weightedmean-msmarco-specb-bitfit,Classification,MassiveScenarioClassification,sl,accuracy,
SGPT-2.7B-weightedmean-msmarco-specb-bitfit,Classification,MassiveScenarioClassification,sq,accuracy,
SGPT-2.7B-weightedmean-msmarco-specb-bitfit,Classification,MassiveScenarioClassification,sq,accuracy,
SGPT-2.7B-weightedmean-msmarco-specb-bitfit,Classification,MassiveScenarioClassification,sv,accuracy,
SGPT-2.7B-weightedmean-msmarco-specb-bitfit,Classification,MassiveScenarioClassification,sv,accuracy,
SGPT-2.7B-weightedmean-msmarco-specb-bitfit,Classification,MassiveScenarioClassification,sw,accuracy,
SGPT-2.7B-weightedmean-msmarco-specb-bitfit,Classification,MassiveScenarioClassification,sw,accuracy,
SGPT-2.7B-weightedmean-msmarco-specb-bitfit,Classification,MassiveScenarioClassification,ta,accuracy,
SGPT-2.7B-weightedmean-msmarco-specb-bitfit,Classification,MassiveScenarioClassification,ta,accuracy,
SGPT-2.7B-weightedmean-msmarco-specb-bitfit,Classification,MassiveScenarioClassification,te,accuracy,
SGPT-2.7B-weightedmean-msmarco-specb-bitfit,Classification,MassiveScenarioClassification,te,accuracy,
SGPT-2.7B-weightedmean-msmarco-specb-bitfit,Classification,MassiveScenarioClassification,th,accuracy,
SGPT-2.7B-weightedmean-msmarco-specb-bitfit,Classification,MassiveScenarioClassification,th,accuracy,
SGPT-2.7B-weightedmean-msmarco-specb-bitfit,Classification,MassiveScenarioClassification,tl,accuracy,
SGPT-2.7B-weightedmean-msmarco-specb-bitfit,Classification,MassiveScenarioClassification,tl,accuracy,
SGPT-2.7B-weightedmean-msmarco-specb-bitfit,Classification,MassiveScenarioClassification,tr,accuracy,
SGPT-2.7B-weightedmean-msmarco-specb-bitfit,Classification,MassiveScenarioClassification,tr,accuracy,
SGPT-2.7B-weightedmean-msmarco-specb-bitfit,Classification,MassiveScenarioClassification,ur,accuracy,
SGPT-2.7B-weightedmean-msmarco-specb-bitfit,Classification,MassiveScenarioClassification,ur,accuracy,
SGPT-2.7B-weightedmean-msmarco-specb-bitfit,Classification,MassiveScenarioClassification,vi,accuracy,
SGPT-2.7B-weightedmean-msmarco-specb-bitfit,Classification,MassiveScenarioClassification,vi,accuracy,
SGPT-2.7B-weightedmean-msmarco-specb-bitfit,Classification,MassiveScenarioClassification,zh-CN,accuracy,
SGPT-2.7B-weightedmean-msmarco-specb-bitfit,Classification,MassiveScenarioClassification,zh-CN,accuracy,
SGPT-2.7B-weightedmean-msmarco-specb-bitfit,Classification,MassiveScenarioClassification,zh-TW,accuracy,
SGPT-2.7B-weightedmean-msmarco-specb-bitfit,Classification,MassiveScenarioClassification,zh-TW,accuracy,
SGPT-2.7B-weightedmean-msmarco-specb-bitfit,Classification,MTOPDomainClassification,en,accuracy,0.9256269949840401
SGPT-2.7B-weightedmean-msmarco-specb-bitfit,Classification,MTOPDomainClassification,de,accuracy,
SGPT-2.7B-weightedmean-msmarco-specb-bitfit,Classification,MTOPDomainClassification,de,accuracy,
SGPT-2.7B-weightedmean-msmarco-specb-bitfit,Classification,MTOPDomainClassification,es,accuracy,
SGPT-2.7B-weightedmean-msmarco-specb-bitfit,Classification,MTOPDomainClassification,es,accuracy,
SGPT-2.7B-weightedmean-msmarco-specb-bitfit,Classification,MTOPDomainClassification,fr,accuracy,
SGPT-2.7B-weightedmean-msmarco-specb-bitfit,Classification,MTOPDomainClassification,fr,accuracy,
SGPT-2.7B-weightedmean-msmarco-specb-bitfit,Classification,MTOPDomainClassification,hi,accuracy,
SGPT-2.7B-weightedmean-msmarco-specb-bitfit,Classification,MTOPDomainClassification,hi,accuracy,
SGPT-2.7B-weightedmean-msmarco-specb-bitfit,Classification,MTOPDomainClassification,th,accuracy,
SGPT-2.7B-weightedmean-msmarco-specb-bitfit,Classification,MTOPDomainClassification,th,accuracy,
SGPT-2.7B-weightedmean-msmarco-specb-bitfit,Classification,MTOPIntentClassification,en,accuracy,0.7184678522571819
SGPT-2.7B-weightedmean-msmarco-specb-bitfit,Classification,MTOPIntentClassification,de,accuracy,
SGPT-2.7B-weightedmean-msmarco-specb-bitfit,Classification,MTOPIntentClassification,de,accuracy,
SGPT-2.7B-weightedmean-msmarco-specb-bitfit,Classification,MTOPIntentClassification,es,accuracy,
SGPT-2.7B-weightedmean-msmarco-specb-bitfit,Classification,MTOPIntentClassification,es,accuracy,
SGPT-2.7B-weightedmean-msmarco-specb-bitfit,Classification,MTOPIntentClassification,fr,accuracy,
SGPT-2.7B-weightedmean-msmarco-specb-bitfit,Classification,MTOPIntentClassification,fr,accuracy,
SGPT-2.7B-weightedmean-msmarco-specb-bitfit,Classification,MTOPIntentClassification,hi,accuracy,
SGPT-2.7B-weightedmean-msmarco-specb-bitfit,Classification,MTOPIntentClassification,hi,accuracy,
SGPT-2.7B-weightedmean-msmarco-specb-bitfit,Classification,MTOPIntentClassification,th,accuracy,
SGPT-2.7B-weightedmean-msmarco-specb-bitfit,Classification,MTOPIntentClassification,th,accuracy,
SGPT-2.7B-weightedmean-msmarco-specb-bitfit,Classification,ToxicConversationsClassification,en,accuracy,0.6884080000000001
SGPT-2.7B-weightedmean-msmarco-specb-bitfit,Classification,TweetSentimentExtractionClassification,en,accuracy,0.5668647425014148
SGPT-2.7B-weightedmean-msmarco-specb-bitfit,Clustering,ArxivClusteringP2P,en,v_measure,0.44721257146422017
SGPT-2.7B-weightedmean-msmarco-specb-bitfit,Clustering,ArxivClusteringS2S,en,v_measure,0.35081451519142065
SGPT-2.7B-weightedmean-msmarco-specb-bitfit,Clustering,BiorxivClusteringP2P,en,v_measure,0.3441414219680629
SGPT-2.7B-weightedmean-msmarco-specb-bitfit,Clustering,BiorxivClusteringS2S,en,v_measure,0.30533275862270026
SGPT-2.7B-weightedmean-msmarco-specb-bitfit,Clustering,MedrxivClusteringP2P,en,v_measure,0.31350109978273394
SGPT-2.7B-weightedmean-msmarco-specb-bitfit,Clustering,MedrxivClusteringS2S,en,v_measure,0.2876892369576733
SGPT-2.7B-weightedmean-msmarco-specb-bitfit,Clustering,RedditClustering,en,v_measure,0.46468877112302354
SGPT-2.7B-weightedmean-msmarco-specb-bitfit,Clustering,RedditClusteringP2P,en,v_measure,0.5416687629824692
SGPT-2.7B-weightedmean-msmarco-specb-bitfit,Clustering,StackExchangeClustering,en,v_measure,0.5919409867397648
SGPT-2.7B-weightedmean-msmarco-specb-bitfit,Clustering,StackExchangeClusteringP2P,en,v_measure,0.32574403257811496
SGPT-2.7B-weightedmean-msmarco-specb-bitfit,Clustering,TwentyNewsgroupsClustering,en,v_measure,0.408911707239219
SGPT-2.7B-weightedmean-msmarco-specb-bitfit,PairClassification,SprintDuplicateQuestions,en,ap,0.9347124923047998
SGPT-2.7B-weightedmean-msmarco-specb-bitfit,PairClassification,TwitterSemEval2015,en,ap,0.6368133990830133
SGPT-2.7B-weightedmean-msmarco-specb-bitfit,PairClassification,TwitterURLCorpus,en,ap,0.8480240716354543
SGPT-2.7B-weightedmean-msmarco-specb-bitfit,Reranking,AskUbuntuDupQuestions,en,map,0.5963466199039206
SGPT-2.7B-weightedmean-msmarco-specb-bitfit,Reranking,MindSmallReranking,en,map,0.31716396735210756
SGPT-2.7B-weightedmean-msmarco-specb-bitfit,Reranking,SciDocsRR,en,map,0.7771580844366375
SGPT-2.7B-weightedmean-msmarco-specb-bitfit,Reranking,StackOverflowDupQuestions,en,map,0.4961186384154483
SGPT-2.7B-weightedmean-msmarco-specb-bitfit,Retrieval,ArguAna,en,ndcg_at_10,0.50491
SGPT-2.7B-weightedmean-msmarco-specb-bitfit,Retrieval,ClimateFEVER,en,ndcg_at_10,0.2711
SGPT-2.7B-weightedmean-msmarco-specb-bitfit,Retrieval,CQADupstackRetrieval,en,ndcg_at_10,0.3653358333333333
SGPT-2.7B-weightedmean-msmarco-specb-bitfit,Retrieval,DBPedia,en,ndcg_at_10,0.34702
SGPT-2.7B-weightedmean-msmarco-specb-bitfit,Retrieval,FEVER,en,ndcg_at_10,0.72731
SGPT-2.7B-weightedmean-msmarco-specb-bitfit,Retrieval,FiQA2018,en,ndcg_at_10,0.33286
SGPT-2.7B-weightedmean-msmarco-specb-bitfit,Retrieval,HotpotQA,en,ndcg_at_10,0.52835
SGPT-2.7B-weightedmean-msmarco-specb-bitfit,Retrieval,MSMARCO,en,ndcg_at_10,0.38832
SGPT-2.7B-weightedmean-msmarco-specb-bitfit,Retrieval,NFCorpus,en,ndcg_at_10,0.33891
SGPT-2.7B-weightedmean-msmarco-specb-bitfit,Retrieval,NQ,en,ndcg_at_10,0.46703
SGPT-2.7B-weightedmean-msmarco-specb-bitfit,Retrieval,QuoraRetrieval,en,ndcg_at_10,0.85603
SGPT-2.7B-weightedmean-msmarco-specb-bitfit,Retrieval,SCIDOCS,en,ndcg_at_10,0.16575
SGPT-2.7B-weightedmean-msmarco-specb-bitfit,Retrieval,SciFact,en,ndcg_at_10,0.70165
SGPT-2.7B-weightedmean-msmarco-specb-bitfit,Retrieval,Touche2020,en,ndcg_at_10,0.2344
SGPT-2.7B-weightedmean-msmarco-specb-bitfit,Retrieval,TRECCOVID,en,ndcg_at_10,0.7517
SGPT-2.7B-weightedmean-msmarco-specb-bitfit,STS,BIOSSES,en,cosine_spearman,0.8484289705838665
SGPT-2.7B-weightedmean-msmarco-specb-bitfit,STS,SICK-R,en,cosine_spearman,0.6819926431966059
SGPT-2.7B-weightedmean-msmarco-specb-bitfit,STS,STS12,en,cosine_spearman,0.6699390786191646
SGPT-2.7B-weightedmean-msmarco-specb-bitfit,STS,STS13,en,cosine_spearman,0.7757623085766706
SGPT-2.7B-weightedmean-msmarco-specb-bitfit,STS,STS14,en,cosine_spearman,0.7278258293483495
SGPT-2.7B-weightedmean-msmarco-specb-bitfit,STS,STS15,en,cosine_spearman,0.8261707296911949
SGPT-2.7B-weightedmean-msmarco-specb-bitfit,STS,STS16,en,cosine_spearman,0.8009839524406284
SGPT-2.7B-weightedmean-msmarco-specb-bitfit,STS,STS17,ko-ko,cosine_spearman,
SGPT-2.7B-weightedmean-msmarco-specb-bitfit,STS,STS17,ko-ko,cosine_spearman,
SGPT-2.7B-weightedmean-msmarco-specb-bitfit,STS,STS17,ar-ar,cosine_spearman,
SGPT-2.7B-weightedmean-msmarco-specb-bitfit,STS,STS17,ar-ar,cosine_spearman,
SGPT-2.7B-weightedmean-msmarco-specb-bitfit,STS,STS17,en-ar,cosine_spearman,
SGPT-2.7B-weightedmean-msmarco-specb-bitfit,STS,STS17,en-ar,cosine_spearman,
SGPT-2.7B-weightedmean-msmarco-specb-bitfit,STS,STS17,en-de,cosine_spearman,
SGPT-2.7B-weightedmean-msmarco-specb-bitfit,STS,STS17,en-de,cosine_spearman,
SGPT-2.7B-weightedmean-msmarco-specb-bitfit,STS,STS17,en-en,cosine_spearman,0.8725017540413703
SGPT-2.7B-weightedmean-msmarco-specb-bitfit,STS,STS17,en-tr,cosine_spearman,
SGPT-2.7B-weightedmean-msmarco-specb-bitfit,STS,STS17,en-tr,cosine_spearman,
SGPT-2.7B-weightedmean-msmarco-specb-bitfit,STS,STS17,es-en,cosine_spearman,
SGPT-2.7B-weightedmean-msmarco-specb-bitfit,STS,STS17,es-en,cosine_spearman,
SGPT-2.7B-weightedmean-msmarco-specb-bitfit,STS,STS17,es-es,cosine_spearman,
SGPT-2.7B-weightedmean-msmarco-specb-bitfit,STS,STS17,es-es,cosine_spearman,
SGPT-2.7B-weightedmean-msmarco-specb-bitfit,STS,STS17,fr-en,cosine_spearman,
SGPT-2.7B-weightedmean-msmarco-specb-bitfit,STS,STS17,fr-en,cosine_spearman,
SGPT-2.7B-weightedmean-msmarco-specb-bitfit,STS,STS17,it-en,cosine_spearman,
SGPT-2.7B-weightedmean-msmarco-specb-bitfit,STS,STS17,it-en,cosine_spearman,
SGPT-2.7B-weightedmean-msmarco-specb-bitfit,STS,STS17,nl-en,cosine_spearman,
SGPT-2.7B-weightedmean-msmarco-specb-bitfit,STS,STS17,nl-en,cosine_spearman,
SGPT-2.7B-weightedmean-msmarco-specb-bitfit,STS,STS22,en,cosine_spearman,0.687486910762485
SGPT-2.7B-weightedmean-msmarco-specb-bitfit,STS,STS22,de,cosine_spearman,
SGPT-2.7B-weightedmean-msmarco-specb-bitfit,STS,STS22,de,cosine_spearman,
SGPT-2.7B-weightedmean-msmarco-specb-bitfit,STS,STS22,es,cosine_spearman,
SGPT-2.7B-weightedmean-msmarco-specb-bitfit,STS,STS22,es,cosine_spearman,
SGPT-2.7B-weightedmean-msmarco-specb-bitfit,STS,STS22,pl,cosine_spearman,
SGPT-2.7B-weightedmean-msmarco-specb-bitfit,STS,STS22,pl,cosine_spearman,
SGPT-2.7B-weightedmean-msmarco-specb-bitfit,STS,STS22,tr,cosine_spearman,
SGPT-2.7B-weightedmean-msmarco-specb-bitfit,STS,STS22,tr,cosine_spearman,
SGPT-2.7B-weightedmean-msmarco-specb-bitfit,STS,STS22,ar,cosine_spearman,
SGPT-2.7B-weightedmean-msmarco-specb-bitfit,STS,STS22,ar,cosine_spearman,
SGPT-2.7B-weightedmean-msmarco-specb-bitfit,STS,STS22,ru,cosine_spearman,
SGPT-2.7B-weightedmean-msmarco-specb-bitfit,STS,STS22,ru,cosine_spearman,
SGPT-2.7B-weightedmean-msmarco-specb-bitfit,STS,STS22,zh,cosine_spearman,
SGPT-2.7B-weightedmean-msmarco-specb-bitfit,STS,STS22,zh,cosine_spearman,
SGPT-2.7B-weightedmean-msmarco-specb-bitfit,STS,STS22,fr,cosine_spearman,
SGPT-2.7B-weightedmean-msmarco-specb-bitfit,STS,STS22,fr,cosine_spearman,
SGPT-2.7B-weightedmean-msmarco-specb-bitfit,STS,STS22,de-en,cosine_spearman,
SGPT-2.7B-weightedmean-msmarco-specb-bitfit,STS,STS22,de-en,cosine_spearman,
SGPT-2.7B-weightedmean-msmarco-specb-bitfit,STS,STS22,es-en,cosine_spearman,
SGPT-2.7B-weightedmean-msmarco-specb-bitfit,STS,STS22,es-en,cosine_spearman,
SGPT-2.7B-weightedmean-msmarco-specb-bitfit,STS,STS22,it,cosine_spearman,
SGPT-2.7B-weightedmean-msmarco-specb-bitfit,STS,STS22,it,cosine_spearman,
SGPT-2.7B-weightedmean-msmarco-specb-bitfit,STS,STS22,pl-en,cosine_spearman,
SGPT-2.7B-weightedmean-msmarco-specb-bitfit,STS,STS22,pl-en,cosine_spearman,
SGPT-2.7B-weightedmean-msmarco-specb-bitfit,STS,STS22,zh-en,cosine_spearman,
SGPT-2.7B-weightedmean-msmarco-specb-bitfit,STS,STS22,zh-en,cosine_spearman,
SGPT-2.7B-weightedmean-msmarco-specb-bitfit,STS,STS22,es-it,cosine_spearman,
SGPT-2.7B-weightedmean-msmarco-specb-bitfit,STS,STS22,es-it,cosine_spearman,
SGPT-2.7B-weightedmean-msmarco-specb-bitfit,STS,STS22,de-fr,cosine_spearman,
SGPT-2.7B-weightedmean-msmarco-specb-bitfit,STS,STS22,de-fr,cosine_spearman,
SGPT-2.7B-weightedmean-msmarco-specb-bitfit,STS,STS22,de-pl,cosine_spearman,
SGPT-2.7B-weightedmean-msmarco-specb-bitfit,STS,STS22,de-pl,cosine_spearman,
SGPT-2.7B-weightedmean-msmarco-specb-bitfit,STS,STS22,fr-pl,cosine_spearman,
SGPT-2.7B-weightedmean-msmarco-specb-bitfit,STS,STS22,fr-pl,cosine_spearman,
SGPT-2.7B-weightedmean-msmarco-specb-bitfit,STS,STSBenchmark,en,cosine_spearman,0.7920585637461047
SGPT-2.7B-weightedmean-msmarco-specb-bitfit,Summarization,SummEval,en,cosine_spearman,0.27870478281195465
SGPT-2.7B-weightedmean-msmarco-specb-bitfit,Classification,average,en,accuracy,0.6713040365015015
SGPT-2.7B-weightedmean-msmarco-specb-bitfit,Clustering,average,en,v_measure,0.39833144224085476
SGPT-2.7B-weightedmean-msmarco-specb-bitfit,PairClassification,average,en,ap,0.8065166543410891
SGPT-2.7B-weightedmean-msmarco-specb-bitfit,Reranking,average,en,map,0.5466968275270284
SGPT-2.7B-weightedmean-msmarco-specb-bitfit,Retrieval,average,en,ndcg_at_10,0.4653783888888888
SGPT-2.7B-weightedmean-msmarco-specb-bitfit,STS,average,en,cosine_spearman,0.768315074100644
